{"loss": 0.3090217113494873, "accuracy": 0.8859999775886536}