{"loss": 0.4726966917514801, "accuracy": 0.8288000226020813}