{"loss": 0.30875363945961, "accuracy": 0.8899999856948853}