{"loss": 0.31270262598991394, "accuracy": 0.8866999745368958}