epoch,loss,accuracy
1,0.4954833388328552,0.8230166435241699
2,0.36696797609329224,0.8653166890144348
3,0.33087462186813354,0.8781499862670898
