epoch,loss,accuracy
1,0.6324853301048279,0.7789999842643738
2,0.42315950989723206,0.8522166609764099
3,0.36765050888061523,0.8715999722480774
