epoch,loss,accuracy
1,0.6302834749221802,0.7817000150680542
2,0.4201773703098297,0.8539000153541565
3,0.3708904981613159,0.8726500272750854
