epoch,loss,accuracy
1,0.7698013186454773,0.7121833562850952
2,0.6499939560890198,0.7565500140190125
3,0.6129580140113831,0.7726166844367981
