step	accuracy
0	0.8230166435241699
1	0.8653166890144348
2	0.8781499862670898
