step	accuracy
0	0.7789999842643738
1	0.8522166609764099
2	0.8715999722480774
