step	accuracy
0	0.7817000150680542
1	0.8539000153541565
2	0.8726500272750854
