step	accuracy
0	0.7121833562850952
1	0.7565500140190125
2	0.7726166844367981
